"_id","hash","project_id","version","license","method_name","file_location","function_code","repository_url","query_project","violation"
"14396d9f1a3dceec7022ed189b333a9a_355421852","14396d9f1a3dceec7022ed189b333a9a","355421852","1668922130000","GNU General Public License v2.0","OpsManage","static/xterm/xterm.js:3669","Code not available","https://github.com/welliamcao/OpsManage/blob/4e120d88f9a33d2422abdbe7761fde73a369c8ba/static/xterm/xterm.js#L3669","No","Undetermined"
"31933c0d83d487637fdbe6491697e175_3629592","31933c0d83d487637fdbe6491697e175","3629592","1630975455000","GPL-3.0","compare","./src/main/java/com/taobao/text/renderers/ThreadRenderer.java:127","Code not available","https://github.com/alibaba/text-ui/blob/main/src/main/java/com/taobao/text/renderers/ThreadRenderer.java#L127","Yes","NaN"
"31933c0d83d487637fdbe6491697e175_615962360","31933c0d83d487637fdbe6491697e175","615962360","1582217275000","NaN","crash","./shell/src/main/java/org/crsh/text/renderers/ThreadRenderer.java:117","Code not available","https://github.com/crashub/crash/blob/0be41acdebb125e6963d04864cbbfb3a4a6c7707/./shell/src/main/java/org/crsh/text/renderers/ThreadRenderer.java#L117","No","Undetermined"
"31933c0d83d487637fdbe6491697e175_3084233893","31933c0d83d487637fdbe6491697e175","3084233893","1692879199000","Apache License 2.0","arthas","core/src/main/java/com/taobao/arthas/core/command/monitor200/ThreadSampler.java:127","Code not available","https://github.com/alibaba/arthas/blob/c8de95cc9e4eecd3f7692ec6558c7d5afff0a0d8/core/src/main/java/com/taobao/arthas/core/command/monitor200/ThreadSampler.java#L127","No","Apache-2.0 incompatible with GPLv3"
"0ae63ce7c3fe0a6b2dfad929cd7dd900_522772739","0ae63ce7c3fe0a6b2dfad929cd7dd900","522772739","1567384848000","GNU Lesser General Public License v3.0","webterminal","static/plugins/xterm/xterm.js:2807","Code not available","https://github.com/jimmy201602/webterminal/blob/9e9a1813abf44dce94412a8c38931129ad56c4da/static/plugins/xterm/xterm.js#L2807","No","NaN"
"0ae63ce7c3fe0a6b2dfad929cd7dd900_3677293766","0ae63ce7c3fe0a6b2dfad929cd7dd900","3677293766","1567947824000","Other","Bastillion","src/main/webapp/_res/js/tty/xterm.js:2910","Code not available","https://github.com/bastillion-io/Bastillion/blob/507785bdb9472a204f18fbdb087e2072df1ce9c0/src/main/webapp/_res/js/tty/xterm.js#L2910","No","Undetermined"
"0ae63ce7c3fe0a6b2dfad929cd7dd900_3162370065","0ae63ce7c3fe0a6b2dfad929cd7dd900","3162370065","1570172596000","Apache License 2.0","hadoop","hadoop-yarn-project/hadoop-yarn/hadoop-yarn-server/hadoop-yarn-server-nodemanager/src/main/resources/TERMINAL/xterm/dist/xterm.js:2600","Code not available","https://github.com/apache/hadoop/blob/8a83e16da081434e3e2d52fd545391d6bfb47952/hadoop-yarn-project/hadoop-yarn/hadoop-yarn-server/hadoop-yarn-server-nodemanager/src/main/resources/TERMINAL/xterm/dist/xterm.js#L2600","No","Apache-2.0 incompatible with LGPL-3.0"
"0ae63ce7c3fe0a6b2dfad929cd7dd900_1013753558","0ae63ce7c3fe0a6b2dfad929cd7dd900","1013753558","1579472799000","GNU General Public License v3.0","linuxdeploy","app/src/main/assets/web/js/xterm.js:2522","Code not available","https://github.com/meefik/linuxdeploy/blob/821cbeb08caf4ec5e8562cfc4930addec1300c97/app/src/main/assets/web/js/xterm.js#L2522","No","NaN"
"0ae63ce7c3fe0a6b2dfad929cd7dd900_2416460407","0ae63ce7c3fe0a6b2dfad929cd7dd900","2416460407","1584350789000","Apache License 2.0","webconsole","./static/scripts/libs/termjs/xterm.js:2809","Code not available","https://github.com/shibingli/webconsole/blob/90c7a48dc7b613290e867d491383429088cb5938/./static/scripts/libs/termjs/xterm.js#L2809","No","Apache-2.0 incompatible with LGPL-3.0"
"0ae63ce7c3fe0a6b2dfad929cd7dd900_807067527","0ae63ce7c3fe0a6b2dfad929cd7dd900","807067527","1608215375000","MIT License","OmniDB","OmniDB/OmniDB_app/static/OmniDB_app/js/xterm.js:3099","Code not available","https://github.com/OmniDB/OmniDB/blob/789291204fa7a3a09dd3cf28ccfbf7f0b2a90ca0/OmniDB/OmniDB_app/static/OmniDB_app/js/xterm.js#L3099","No","MIT incompatible with LGPL-3.0"
"0ae63ce7c3fe0a6b2dfad929cd7dd900_748547861","0ae63ce7c3fe0a6b2dfad929cd7dd900","748547861","1615133265000","Apache License 2.0","myrtille","Myrtille.Web/js/xterm/xterm.js:1961","Code not available","https://github.com/cedrozor/myrtille/blob/6f209f8d2ac4b4d130235fddbb963a74c59a217e/Myrtille.Web/js/xterm/xterm.js#L1961","No","Apache-2.0 incompatible with LGPL-3.0"
"0ae63ce7c3fe0a6b2dfad929cd7dd900_2684670546","0ae63ce7c3fe0a6b2dfad929cd7dd900","2684670546","1631541814000","Other","mbed-simulator","viewer/xterm/xterm.js:1963","Code not available","https://github.com/janjongboom/mbed-simulator/blob/75ebeb0c65601882eb3b93f37aa0d46450804ade/viewer/xterm/xterm.js#L1963","No","Undetermined"
"0ae63ce7c3fe0a6b2dfad929cd7dd900_1305386973","0ae63ce7c3fe0a6b2dfad929cd7dd900","1305386973","1649429363000","MIT License","kubebox","docs/libs/xterm.js:2910","Code not available","https://github.com/astefanutti/kubebox/blob/bb91d7c5c48e715fff630b775199e85414136766/docs/libs/xterm.js#L2910","No","MIT incompatible with LGPL-3.0"
"0ae63ce7c3fe0a6b2dfad929cd7dd900_3084233893","0ae63ce7c3fe0a6b2dfad929cd7dd900","3084233893","1650856246000","Apache License 2.0","arthas","core/src/main/resources/com/taobao/arthas/core/http/xterm.js:2809","Code not available","https://github.com/alibaba/arthas/blob/7e5e320cdfa5b1ee64032570be0eb22e01408176/core/src/main/resources/com/taobao/arthas/core/http/xterm.js#L2809","No","Apache-2.0 incompatible with LGPL-3.0"
"0ae63ce7c3fe0a6b2dfad929cd7dd900_1824255851","0ae63ce7c3fe0a6b2dfad929cd7dd900","1824255851","1658389257000","GNU General Public License v3.0","jumpserver","apps/static/js/plugins/xterm/xterm.js:2517","Code not available","https://github.com/jumpserver/jumpserver/blob/f52a0ce96030c048b313803c54df11a17aa58999/apps/static/js/plugins/xterm/xterm.js#L2517","No","NaN"
"0ae63ce7c3fe0a6b2dfad929cd7dd900_1992870902","0ae63ce7c3fe0a6b2dfad929cd7dd900","1992870902","1662503639000","GNU General Public License v3.0","LxdMosaic","src/assets/xterm/xterm.js:3099","Code not available","https://github.com/turtle0x1/LxdMosaic/blob/c6f53f3fcb66d2cf741abff5d0a657b548cdfc18/src/assets/xterm/xterm.js#L3099","No","NaN"
"0ae63ce7c3fe0a6b2dfad929cd7dd900_355421852","0ae63ce7c3fe0a6b2dfad929cd7dd900","355421852","1668922130000","GNU General Public License v2.0","OpsManage","static/xterm/xterm.js:2809","Code not available","https://github.com/welliamcao/OpsManage/blob/4e120d88f9a33d2422abdbe7761fde73a369c8ba/static/xterm/xterm.js#L2809","No","Undetermined"
"0ae63ce7c3fe0a6b2dfad929cd7dd900_1192414881","0ae63ce7c3fe0a6b2dfad929cd7dd900","1192414881","1669750303000","MIT License","SSHy","./js/src/xterm.min.js:1698","Code not available","https://github.com/stuicey/SSHy/blob/82941c8ae15359fd387109dcee3a218808df0bb0/./js/src/xterm.min.js#L1698","No","MIT incompatible with LGPL-3.0"
"0ae63ce7c3fe0a6b2dfad929cd7dd900_1578317806","0ae63ce7c3fe0a6b2dfad929cd7dd900","1578317806","1683023913000","Other","Nuages","Clients/Nuages_WebCli/lib/xterm.js:3099","Code not available","https://github.com/p3nt4/Nuages/blob/d4ca97c79106e2b52fe7cbb06af807cea516c1b2/Clients/Nuages_WebCli/lib/xterm.js#L3099","No","Undetermined"
"0ae63ce7c3fe0a6b2dfad929cd7dd900_2380393596","0ae63ce7c3fe0a6b2dfad929cd7dd900","2380393596","1716438894000","GNU General Public License v2.0","The-Grand-Complete-Data-Science-Materials","ML Projects/NLP_WebAPP_Twitter_Sentiment_Analysis_knowledge_graph/venv/Lib/site-packages/nbclassic/static/components/xterm.js/index.js:1700","Code not available","https://github.com/krishnaik06/The-Grand-Complete-Data-Science-Materials/blob/5fa8e187f90fc69a1254309a05ee614d020fab3b/ML Projects/NLP_WebAPP_Twitter_Sentiment_Analysis_knowledge_graph/venv/Lib/site-packages/nbclassic/static/components/xterm.js/index.js#L1700","No","Undetermined"
"0ae63ce7c3fe0a6b2dfad929cd7dd900_1582889900","0ae63ce7c3fe0a6b2dfad929cd7dd900","1582889900","1728999529000","NaN","webvirtcloud","./static/js/xterm@3.6.0/xterm.js:2522","Code not available","https://github.com/retspen/webvirtcloud/blob/b892af989b8dd6866eebb27d9a4bc3f244f50fa3/./static/js/xterm@3.6.0/xterm.js#L2522","No","Undetermined"
"0ae63ce7c3fe0a6b2dfad929cd7dd900_633176973","0ae63ce7c3fe0a6b2dfad929cd7dd900","633176973","Error: 403 Client Error: Forbidden for url: https://api.github.com/repos/alibaba/termd/commits?per_page=1&page=1","Error fetching data","NaN","./src/main/resources/io/termd/core/http/xterm.js:2809","Code not available","https://github.com/alibaba/termd/blob/main/src/main/resources/io/termd/core/http/xterm.js#L2809","Yes","Undetermined"
"3041323454f8ef7fdf76738dfcfac002_522772739","3041323454f8ef7fdf76738dfcfac002","522772739","1567384848000","GNU Lesser General Public License v3.0","webterminal","static/plugins/xterm/xterm.js:1673","Code not available","https://github.com/jimmy201602/webterminal/blob/9e9a1813abf44dce94412a8c38931129ad56c4da/static/plugins/xterm/xterm.js#L1673","No","NaN"
"3041323454f8ef7fdf76738dfcfac002_1013753558","3041323454f8ef7fdf76738dfcfac002","1013753558","1579472799000","GNU General Public License v3.0","linuxdeploy","app/src/main/assets/web/js/xterm.js:1390","Code not available","https://github.com/meefik/linuxdeploy/blob/821cbeb08caf4ec5e8562cfc4930addec1300c97/app/src/main/assets/web/js/xterm.js#L1390","No","NaN"
"3041323454f8ef7fdf76738dfcfac002_2416460407","3041323454f8ef7fdf76738dfcfac002","2416460407","1584350789000","Apache License 2.0","webconsole","./static/scripts/libs/termjs/xterm.js:1653","Code not available","https://github.com/shibingli/webconsole/blob/90c7a48dc7b613290e867d491383429088cb5938/./static/scripts/libs/termjs/xterm.js#L1653","No","Apache-2.0 incompatible with LGPL-3.0"
"3041323454f8ef7fdf76738dfcfac002_1305386973","3041323454f8ef7fdf76738dfcfac002","1305386973","1649429363000","MIT License","kubebox","docs/libs/xterm.js:1390","Code not available","https://github.com/astefanutti/kubebox/blob/bb91d7c5c48e715fff630b775199e85414136766/docs/libs/xterm.js#L1390","No","MIT incompatible with LGPL-3.0"
"3041323454f8ef7fdf76738dfcfac002_3084233893","3041323454f8ef7fdf76738dfcfac002","3084233893","1650856246000","Apache License 2.0","arthas","core/src/main/resources/com/taobao/arthas/core/http/xterm.js:1653","Code not available","https://github.com/alibaba/arthas/blob/7e5e320cdfa5b1ee64032570be0eb22e01408176/core/src/main/resources/com/taobao/arthas/core/http/xterm.js#L1653","No","Apache-2.0 incompatible with LGPL-3.0"
"3041323454f8ef7fdf76738dfcfac002_1824255851","3041323454f8ef7fdf76738dfcfac002","1824255851","1658389257000","GNU General Public License v3.0","jumpserver","apps/static/js/plugins/xterm/xterm.js:1384","Code not available","https://github.com/jumpserver/jumpserver/blob/f52a0ce96030c048b313803c54df11a17aa58999/apps/static/js/plugins/xterm/xterm.js#L1384","No","NaN"
"3041323454f8ef7fdf76738dfcfac002_355421852","3041323454f8ef7fdf76738dfcfac002","355421852","1668922130000","GNU General Public License v2.0","OpsManage","static/xterm/xterm.js:1653","Code not available","https://github.com/welliamcao/OpsManage/blob/4e120d88f9a33d2422abdbe7761fde73a369c8ba/static/xterm/xterm.js#L1653","No","Undetermined"
"3041323454f8ef7fdf76738dfcfac002_1582889900","3041323454f8ef7fdf76738dfcfac002","1582889900","1728999529000","NaN","webvirtcloud","./static/js/xterm@3.6.0/xterm.js:1390","Code not available","https://github.com/retspen/webvirtcloud/blob/b892af989b8dd6866eebb27d9a4bc3f244f50fa3/./static/js/xterm@3.6.0/xterm.js#L1390","No","Undetermined"
"3041323454f8ef7fdf76738dfcfac002_633176973","3041323454f8ef7fdf76738dfcfac002","633176973","Error: 403 Client Error: Forbidden for url: https://api.github.com/repos/alibaba/termd/commits?per_page=1&page=1","Error fetching data","NaN","./src/main/resources/io/termd/core/http/xterm.js:1653","Code not available","https://github.com/alibaba/termd/blob/main/src/main/resources/io/termd/core/http/xterm.js#L1653","Yes","Undetermined"
"14396d9f1a3dceec7022ed189b333a9a_868027351","14396d9f1a3dceec7022ed189b333a9a","868027351","1663669696000","MIT License","jsmpeg","./src/jsmpeg.js:97","Code not available","https://github.com/phoboslab/jsmpeg/blob/924acfbd96fdf15e6748d1368a36d79d8f4cecf6/./src/jsmpeg.js#L97","No","MIT incompatible with GPLv3"
"14396d9f1a3dceec7022ed189b333a9a_3892968554","14396d9f1a3dceec7022ed189b333a9a","3892968554","1522227236000","GNU General Public License v3.0","moonlight-chrome","static/js/utils.js:101","Code not available","https://github.com/moonlight-stream/moonlight-chrome/blob/7a54ad9fb1c54a887eafbf542616605d52a27bf1/static/js/utils.js#L101","No","NaN"
"14396d9f1a3dceec7022ed189b333a9a_3677293766","14396d9f1a3dceec7022ed189b333a9a","3677293766","1554809703000","Other","Bastillion","src/main/webapp/_res/js/tty/xterm.js:3965","Code not available","https://github.com/bastillion-io/Bastillion/blob/b958a4a7b76aeb0be27dc0554b298e1d4058579f/src/main/webapp/_res/js/tty/xterm.js#L3965","No","Undetermined"
"14396d9f1a3dceec7022ed189b333a9a_522772739","14396d9f1a3dceec7022ed189b333a9a","522772739","1567384848000","GNU Lesser General Public License v3.0","webterminal","static/plugins/xterm/xterm.js:3654","Code not available","https://github.com/jimmy201602/webterminal/blob/9e9a1813abf44dce94412a8c38931129ad56c4da/static/plugins/xterm/xterm.js#L3654","No","NaN"
"14396d9f1a3dceec7022ed189b333a9a_3162370065","14396d9f1a3dceec7022ed189b333a9a","3162370065","1570172596000","Apache License 2.0","hadoop","hadoop-yarn-project/hadoop-yarn/hadoop-yarn-server/hadoop-yarn-server-nodemanager/src/main/resources/TERMINAL/xterm/dist/xterm.js:3447","Code not available","https://github.com/apache/hadoop/blob/8a83e16da081434e3e2d52fd545391d6bfb47952/hadoop-yarn-project/hadoop-yarn/hadoop-yarn-server/hadoop-yarn-server-nodemanager/src/main/resources/TERMINAL/xterm/dist/xterm.js#L3447","No","Apache-2.0 incompatible with GPLv3"
"14396d9f1a3dceec7022ed189b333a9a_1013753558","14396d9f1a3dceec7022ed189b333a9a","1013753558","1579472799000","GNU General Public License v3.0","linuxdeploy","app/src/main/assets/web/js/xterm.js:3365","Code not available","https://github.com/meefik/linuxdeploy/blob/821cbeb08caf4ec5e8562cfc4930addec1300c97/app/src/main/assets/web/js/xterm.js#L3365","No","NaN"
"14396d9f1a3dceec7022ed189b333a9a_2416460407","14396d9f1a3dceec7022ed189b333a9a","2416460407","1584350789000","Apache License 2.0","webconsole","./static/scripts/libs/termjs/xterm.js:3669","Code not available","https://github.com/shibingli/webconsole/blob/90c7a48dc7b613290e867d491383429088cb5938/./static/scripts/libs/termjs/xterm.js#L3669","No","Apache-2.0 incompatible with GPLv3"
"14396d9f1a3dceec7022ed189b333a9a_596761146","14396d9f1a3dceec7022ed189b333a9a","596761146","1587640898000","MIT License","osgjs","./sources/osgPlugins/ReaderWriterGLTF.js:59","Code not available","https://github.com/cedricpinson/osgjs/blob/d3c9a4bebeebfb891eb2d708cd0828c126aeec18/./sources/osgPlugins/ReaderWriterGLTF.js#L59","No","MIT incompatible with GPLv3"
"14396d9f1a3dceec7022ed189b333a9a_807067527","14396d9f1a3dceec7022ed189b333a9a","807067527","1608215375000","MIT License","OmniDB","OmniDB/OmniDB_app/static/OmniDB_app/js/xterm.js:3965","Code not available","https://github.com/OmniDB/OmniDB/blob/789291204fa7a3a09dd3cf28ccfbf7f0b2a90ca0/OmniDB/OmniDB_app/static/OmniDB_app/js/xterm.js#L3965","No","MIT incompatible with GPLv3"
"14396d9f1a3dceec7022ed189b333a9a_748547861","14396d9f1a3dceec7022ed189b333a9a","748547861","1615133265000","Apache License 2.0","myrtille","Myrtille.Web/js/xterm/xterm.js:3219","Code not available","https://github.com/cedrozor/myrtille/blob/6f209f8d2ac4b4d130235fddbb963a74c59a217e/Myrtille.Web/js/xterm/xterm.js#L3219","No","Apache-2.0 incompatible with GPLv3"
"14396d9f1a3dceec7022ed189b333a9a_2684670546","14396d9f1a3dceec7022ed189b333a9a","2684670546","1631541814000","Other","mbed-simulator","viewer/xterm/xterm.js:3238","Code not available","https://github.com/janjongboom/mbed-simulator/blob/75ebeb0c65601882eb3b93f37aa0d46450804ade/viewer/xterm/xterm.js#L3238","No","Undetermined"
"14396d9f1a3dceec7022ed189b333a9a_1305386973","14396d9f1a3dceec7022ed189b333a9a","1305386973","1649429363000","MIT License","kubebox","docs/libs/xterm.js:3723","Code not available","https://github.com/astefanutti/kubebox/blob/bb91d7c5c48e715fff630b775199e85414136766/docs/libs/xterm.js#L3723","No","MIT incompatible with GPLv3"
"14396d9f1a3dceec7022ed189b333a9a_3084233893","14396d9f1a3dceec7022ed189b333a9a","3084233893","1650856246000","Apache License 2.0","arthas","core/src/main/resources/com/taobao/arthas/core/http/xterm.js:3669","Code not available","https://github.com/alibaba/arthas/blob/7e5e320cdfa5b1ee64032570be0eb22e01408176/core/src/main/resources/com/taobao/arthas/core/http/xterm.js#L3669","No","Apache-2.0 incompatible with GPLv3"
"14396d9f1a3dceec7022ed189b333a9a_1824255851","14396d9f1a3dceec7022ed189b333a9a","1824255851","1658389257000","GNU General Public License v3.0","jumpserver","apps/static/js/plugins/xterm/xterm.js:3300","Code not available","https://github.com/jumpserver/jumpserver/blob/f52a0ce96030c048b313803c54df11a17aa58999/apps/static/js/plugins/xterm/xterm.js#L3300","No","NaN"
"14396d9f1a3dceec7022ed189b333a9a_1992870902","14396d9f1a3dceec7022ed189b333a9a","1992870902","1662503639000","GNU General Public License v3.0","LxdMosaic","src/assets/xterm/xterm.js:3965","Code not available","https://github.com/turtle0x1/LxdMosaic/blob/c6f53f3fcb66d2cf741abff5d0a657b548cdfc18/src/assets/xterm/xterm.js#L3965","No","NaN"
"14396d9f1a3dceec7022ed189b333a9a_3397001118","14396d9f1a3dceec7022ed189b333a9a","3397001118","1682615861000","GNU General Public License v3.0","PairDrop","public_included_ws_fallback/scripts/util.js:412","Code not available","https://github.com/schlagmichdoch/PairDrop/blob/fafdbcc829ddd5f0b736da7e02fd86568f395c4c/public_included_ws_fallback/scripts/util.js#L412","No","NaN"
"14396d9f1a3dceec7022ed189b333a9a_1578317806","14396d9f1a3dceec7022ed189b333a9a","1578317806","1683023913000","Other","Nuages","Clients/Nuages_WebCli/lib/xterm.js:3965","Code not available","https://github.com/p3nt4/Nuages/blob/d4ca97c79106e2b52fe7cbb06af807cea516c1b2/Clients/Nuages_WebCli/lib/xterm.js#L3965","No","Undetermined"
"14396d9f1a3dceec7022ed189b333a9a_1926777635","14396d9f1a3dceec7022ed189b333a9a","1926777635","1690620795000","-","cheatsheets","snippets/js/htmlSmuggling.js:2","Code not available","https://github.com/r1cksec/cheatsheets/blob/88f7fcde67b6c2de814e532cc5851a4f274f6331/snippets/js/htmlSmuggling.js#L2","No","Undetermined"
"14396d9f1a3dceec7022ed189b333a9a_3920465860","14396d9f1a3dceec7022ed189b333a9a","3920465860","1705555959000","Apache License 2.0","html5_rtsp_player","frameworks/react/public/free.player.1.8.4.js:1738","Code not available","https://github.com/Streamedian/html5_rtsp_player/blob/7cbd55348296c972d721a8717f367cca40874c0f/frameworks/react/public/free.player.1.8.4.js#L1738","No","Apache-2.0 incompatible with GPLv3"
"14396d9f1a3dceec7022ed189b333a9a_3810255737","14396d9f1a3dceec7022ed189b333a9a","3810255737","1727158653000","GNU Affero General Public License v3.0","movim","public/scripts/movim_utils.js:259","Code not available","https://github.com/movim/movim/blob/ad94f9555a018e37aa889e71d3bcb3d70e6a2d37/public/scripts/movim_utils.js#L259","No","Undetermined"
"14396d9f1a3dceec7022ed189b333a9a_1582889900","14396d9f1a3dceec7022ed189b333a9a","1582889900","1728999529000","NaN","webvirtcloud","./static/js/xterm@3.6.0/xterm.js:3365","Code not available","https://github.com/retspen/webvirtcloud/blob/b892af989b8dd6866eebb27d9a4bc3f244f50fa3/./static/js/xterm@3.6.0/xterm.js#L3365","No","Undetermined"
"14396d9f1a3dceec7022ed189b333a9a_633176973","14396d9f1a3dceec7022ed189b333a9a","633176973","Error: 403 Client Error: Forbidden for url: https://api.github.com/repos/alibaba/termd/commits?per_page=1&page=1","Error fetching data","NaN","./src/main/resources/io/termd/core/http/xterm.js:3669","Code not available","https://github.com/alibaba/termd/blob/main/src/main/resources/io/termd/core/http/xterm.js#L3669","Yes","Undetermined"
"c43706299de7649b0cd6980a367ead28_522772739","c43706299de7649b0cd6980a367ead28","522772739","1567384848000","GNU Lesser General Public License v3.0","webterminal","static/plugins/xterm/xterm.js:3072","Code not available","https://github.com/jimmy201602/webterminal/blob/9e9a1813abf44dce94412a8c38931129ad56c4da/static/plugins/xterm/xterm.js#L3072","No","NaN"
"5e83e8a2f8619645bca60833f709da9c_522772739","5e83e8a2f8619645bca60833f709da9c","522772739","1567384848000","GNU Lesser General Public License v3.0","webterminal","static/plugins/xterm/xterm.js:2886","Code not available","https://github.com/jimmy201602/webterminal/blob/9e9a1813abf44dce94412a8c38931129ad56c4da/static/plugins/xterm/xterm.js#L2886","No","NaN"
"5e83e8a2f8619645bca60833f709da9c_3677293766","5e83e8a2f8619645bca60833f709da9c","3677293766","1567947824000","Other","Bastillion","src/main/webapp/_res/js/tty/xterm.js:2989","Code not available","https://github.com/bastillion-io/Bastillion/blob/507785bdb9472a204f18fbdb087e2072df1ce9c0/src/main/webapp/_res/js/tty/xterm.js#L2989","No","Undetermined"
"5e83e8a2f8619645bca60833f709da9c_3162370065","5e83e8a2f8619645bca60833f709da9c","3162370065","1570172596000","Apache License 2.0","hadoop","hadoop-yarn-project/hadoop-yarn/hadoop-yarn-server/hadoop-yarn-server-nodemanager/src/main/resources/TERMINAL/xterm/dist/xterm.js:2679","Code not available","https://github.com/apache/hadoop/blob/8a83e16da081434e3e2d52fd545391d6bfb47952/hadoop-yarn-project/hadoop-yarn/hadoop-yarn-server/hadoop-yarn-server-nodemanager/src/main/resources/TERMINAL/xterm/dist/xterm.js#L2679","No","Apache-2.0 incompatible with LGPL-3.0"
"5e83e8a2f8619645bca60833f709da9c_2416460407","5e83e8a2f8619645bca60833f709da9c","2416460407","1584350789000","Apache License 2.0","webconsole","./static/scripts/libs/termjs/xterm.js:2888","Code not available","https://github.com/shibingli/webconsole/blob/90c7a48dc7b613290e867d491383429088cb5938/./static/scripts/libs/termjs/xterm.js#L2888","No","Apache-2.0 incompatible with LGPL-3.0"
"5e83e8a2f8619645bca60833f709da9c_807067527","5e83e8a2f8619645bca60833f709da9c","807067527","1608215375000","MIT License","OmniDB","OmniDB/OmniDB_app/static/OmniDB_app/js/xterm.js:3178","Code not available","https://github.com/OmniDB/OmniDB/blob/789291204fa7a3a09dd3cf28ccfbf7f0b2a90ca0/OmniDB/OmniDB_app/static/OmniDB_app/js/xterm.js#L3178","No","MIT incompatible with LGPL-3.0"
"5e83e8a2f8619645bca60833f709da9c_1305386973","5e83e8a2f8619645bca60833f709da9c","1305386973","1649429363000","MIT License","kubebox","docs/libs/xterm.js:2989","Code not available","https://github.com/astefanutti/kubebox/blob/bb91d7c5c48e715fff630b775199e85414136766/docs/libs/xterm.js#L2989","No","MIT incompatible with LGPL-3.0"
"5e83e8a2f8619645bca60833f709da9c_3084233893","5e83e8a2f8619645bca60833f709da9c","3084233893","1661482604000","Apache License 2.0","arthas","core/src/main/resources/com/taobao/arthas/core/http/xterm.js:2888","Code not available","https://github.com/alibaba/arthas/blob/6d2d78dd1c811ddafe9c5488328dd3fc05400f21/core/src/main/resources/com/taobao/arthas/core/http/xterm.js#L2888","No","Apache-2.0 incompatible with LGPL-3.0"
"5e83e8a2f8619645bca60833f709da9c_1992870902","5e83e8a2f8619645bca60833f709da9c","1992870902","1662503639000","GNU General Public License v3.0","LxdMosaic","src/assets/xterm/xterm.js:3178","Code not available","https://github.com/turtle0x1/LxdMosaic/blob/c6f53f3fcb66d2cf741abff5d0a657b548cdfc18/src/assets/xterm/xterm.js#L3178","No","NaN"
"5e83e8a2f8619645bca60833f709da9c_355421852","5e83e8a2f8619645bca60833f709da9c","355421852","1668922130000","GNU General Public License v2.0","OpsManage","static/xterm/xterm.js:2888","Code not available","https://github.com/welliamcao/OpsManage/blob/4e120d88f9a33d2422abdbe7761fde73a369c8ba/static/xterm/xterm.js#L2888","No","Undetermined"
"5e83e8a2f8619645bca60833f709da9c_1578317806","5e83e8a2f8619645bca60833f709da9c","1578317806","1683023913000","Other","Nuages","Clients/Nuages_WebCli/lib/xterm.js:3178","Code not available","https://github.com/p3nt4/Nuages/blob/d4ca97c79106e2b52fe7cbb06af807cea516c1b2/Clients/Nuages_WebCli/lib/xterm.js#L3178","No","Undetermined"
"5e83e8a2f8619645bca60833f709da9c_633176973","5e83e8a2f8619645bca60833f709da9c","633176973","Error: 403 Client Error: Forbidden for url: https://api.github.com/repos/alibaba/termd/commits?per_page=1&page=1","Error fetching data","NaN","./src/main/resources/io/termd/core/http/xterm.js:2888","Code not available","https://github.com/alibaba/termd/blob/main/src/main/resources/io/termd/core/http/xterm.js#L2888","Yes","Undetermined"
"69cb387f4ec4385bcbb7364614e287f7_522772739","69cb387f4ec4385bcbb7364614e287f7","522772739","1567384848000","GNU Lesser General Public License v3.0","webterminal","static/plugins/xterm/xterm.js:2891","Code not available","https://github.com/jimmy201602/webterminal/blob/9e9a1813abf44dce94412a8c38931129ad56c4da/static/plugins/xterm/xterm.js#L2891","No","NaN"
"69cb387f4ec4385bcbb7364614e287f7_3162370065","69cb387f4ec4385bcbb7364614e287f7","3162370065","1570172596000","Apache License 2.0","hadoop","hadoop-yarn-project/hadoop-yarn/hadoop-yarn-server/hadoop-yarn-server-nodemanager/src/main/resources/TERMINAL/xterm/dist/xterm.js:2684","Code not available","https://github.com/apache/hadoop/blob/8a83e16da081434e3e2d52fd545391d6bfb47952/hadoop-yarn-project/hadoop-yarn/hadoop-yarn-server/hadoop-yarn-server-nodemanager/src/main/resources/TERMINAL/xterm/dist/xterm.js#L2684","No","Apache-2.0 incompatible with LGPL-3.0"
"69cb387f4ec4385bcbb7364614e287f7_2416460407","69cb387f4ec4385bcbb7364614e287f7","2416460407","1584350789000","Apache License 2.0","webconsole","./static/scripts/libs/termjs/xterm.js:2893","Code not available","https://github.com/shibingli/webconsole/blob/90c7a48dc7b613290e867d491383429088cb5938/./static/scripts/libs/termjs/xterm.js#L2893","No","Apache-2.0 incompatible with LGPL-3.0"
"69cb387f4ec4385bcbb7364614e287f7_3084233893","69cb387f4ec4385bcbb7364614e287f7","3084233893","1650856246000","Apache License 2.0","arthas","core/src/main/resources/com/taobao/arthas/core/http/xterm.js:2893","Code not available","https://github.com/alibaba/arthas/blob/7e5e320cdfa5b1ee64032570be0eb22e01408176/core/src/main/resources/com/taobao/arthas/core/http/xterm.js#L2893","No","Apache-2.0 incompatible with LGPL-3.0"
"69cb387f4ec4385bcbb7364614e287f7_355421852","69cb387f4ec4385bcbb7364614e287f7","355421852","1668922130000","GNU General Public License v2.0","OpsManage","static/xterm/xterm.js:2893","Code not available","https://github.com/welliamcao/OpsManage/blob/4e120d88f9a33d2422abdbe7761fde73a369c8ba/static/xterm/xterm.js#L2893","No","Undetermined"
"69cb387f4ec4385bcbb7364614e287f7_633176973","69cb387f4ec4385bcbb7364614e287f7","633176973","Error: 403 Client Error: Forbidden for url: https://api.github.com/repos/alibaba/termd/commits?per_page=1&page=1","Error fetching data","NaN","./src/main/resources/io/termd/core/http/xterm.js:2893","Code not available","https://github.com/alibaba/termd/blob/main/src/main/resources/io/termd/core/http/xterm.js#L2893","Yes","Undetermined"
"71fd00795f34d337561674409f033604_522772739","71fd00795f34d337561674409f033604","522772739","1567384848000","GNU Lesser General Public License v3.0","webterminal","static/plugins/xterm/xterm.js:2733","Code not available","https://github.com/jimmy201602/webterminal/blob/9e9a1813abf44dce94412a8c38931129ad56c4da/static/plugins/xterm/xterm.js#L2733","No","NaN"
"71fd00795f34d337561674409f033604_3677293766","71fd00795f34d337561674409f033604","3677293766","1567947824000","Other","Bastillion","src/main/webapp/_res/js/tty/xterm.js:2831","Code not available","https://github.com/bastillion-io/Bastillion/blob/507785bdb9472a204f18fbdb087e2072df1ce9c0/src/main/webapp/_res/js/tty/xterm.js#L2831","No","Undetermined"
"71fd00795f34d337561674409f033604_3162370065","71fd00795f34d337561674409f033604","3162370065","1570172596000","Apache License 2.0","hadoop","hadoop-yarn-project/hadoop-yarn/hadoop-yarn-server/hadoop-yarn-server-nodemanager/src/main/resources/TERMINAL/xterm/dist/xterm.js:2526","Code not available","https://github.com/apache/hadoop/blob/8a83e16da081434e3e2d52fd545391d6bfb47952/hadoop-yarn-project/hadoop-yarn/hadoop-yarn-server/hadoop-yarn-server-nodemanager/src/main/resources/TERMINAL/xterm/dist/xterm.js#L2526","No","Apache-2.0 incompatible with LGPL-3.0"
"71fd00795f34d337561674409f033604_1013753558","71fd00795f34d337561674409f033604","1013753558","1579472799000","GNU General Public License v3.0","linuxdeploy","app/src/main/assets/web/js/xterm.js:2453","Code not available","https://github.com/meefik/linuxdeploy/blob/821cbeb08caf4ec5e8562cfc4930addec1300c97/app/src/main/assets/web/js/xterm.js#L2453","No","NaN"
"71fd00795f34d337561674409f033604_2416460407","71fd00795f34d337561674409f033604","2416460407","1584350789000","Apache License 2.0","webconsole","./static/scripts/libs/termjs/xterm.js:2735","Code not available","https://github.com/shibingli/webconsole/blob/90c7a48dc7b613290e867d491383429088cb5938/./static/scripts/libs/termjs/xterm.js#L2735","No","Apache-2.0 incompatible with LGPL-3.0"
"71fd00795f34d337561674409f033604_807067527","71fd00795f34d337561674409f033604","807067527","1608215375000","MIT License","OmniDB","OmniDB/OmniDB_app/static/OmniDB_app/js/xterm.js:3025","Code not available","https://github.com/OmniDB/OmniDB/blob/789291204fa7a3a09dd3cf28ccfbf7f0b2a90ca0/OmniDB/OmniDB_app/static/OmniDB_app/js/xterm.js#L3025","No","MIT incompatible with LGPL-3.0"
"71fd00795f34d337561674409f033604_1305386973","71fd00795f34d337561674409f033604","1305386973","1649429363000","MIT License","kubebox","docs/libs/xterm.js:2831","Code not available","https://github.com/astefanutti/kubebox/blob/bb91d7c5c48e715fff630b775199e85414136766/docs/libs/xterm.js#L2831","No","MIT incompatible with LGPL-3.0"
"71fd00795f34d337561674409f033604_3084233893","71fd00795f34d337561674409f033604","3084233893","1661482604000","Apache License 2.0","arthas","core/src/main/resources/com/taobao/arthas/core/http/xterm.js:2735","Code not available","https://github.com/alibaba/arthas/blob/6d2d78dd1c811ddafe9c5488328dd3fc05400f21/core/src/main/resources/com/taobao/arthas/core/http/xterm.js#L2735","No","Apache-2.0 incompatible with LGPL-3.0"
"71fd00795f34d337561674409f033604_1992870902","71fd00795f34d337561674409f033604","1992870902","1662503639000","GNU General Public License v3.0","LxdMosaic","src/assets/xterm/xterm.js:3025","Code not available","https://github.com/turtle0x1/LxdMosaic/blob/c6f53f3fcb66d2cf741abff5d0a657b548cdfc18/src/assets/xterm/xterm.js#L3025","No","NaN"
"71fd00795f34d337561674409f033604_355421852","71fd00795f34d337561674409f033604","355421852","1668922130000","GNU General Public License v2.0","OpsManage","static/xterm/xterm.js:2735","Code not available","https://github.com/welliamcao/OpsManage/blob/4e120d88f9a33d2422abdbe7761fde73a369c8ba/static/xterm/xterm.js#L2735","No","Undetermined"
"71fd00795f34d337561674409f033604_1578317806","71fd00795f34d337561674409f033604","1578317806","1683023913000","Other","Nuages","Clients/Nuages_WebCli/lib/xterm.js:3025","Code not available","https://github.com/p3nt4/Nuages/blob/d4ca97c79106e2b52fe7cbb06af807cea516c1b2/Clients/Nuages_WebCli/lib/xterm.js#L3025","No","Undetermined"
"71fd00795f34d337561674409f033604_1824255851","71fd00795f34d337561674409f033604","1824255851","1711424528000","GNU General Public License v3.0","jumpserver","apps/static/js/plugins/xterm/xterm.js:2448","Code not available","https://github.com/jumpserver/jumpserver/blob/4f34ce5edb6be43fe01468faad4f158a82a08dce/apps/static/js/plugins/xterm/xterm.js#L2448","No","NaN"
"71fd00795f34d337561674409f033604_1582889900","71fd00795f34d337561674409f033604","1582889900","1728999529000","NaN","webvirtcloud","./static/js/xterm@3.6.0/xterm.js:2453","Code not available","https://github.com/retspen/webvirtcloud/blob/b892af989b8dd6866eebb27d9a4bc3f244f50fa3/./static/js/xterm@3.6.0/xterm.js#L2453","No","Undetermined"
"71fd00795f34d337561674409f033604_633176973","71fd00795f34d337561674409f033604","633176973","Error: 403 Client Error: Forbidden for url: https://api.github.com/repos/alibaba/termd/commits?per_page=1&page=1","Error fetching data","NaN","./src/main/resources/io/termd/core/http/xterm.js:2735","Code not available","https://github.com/alibaba/termd/blob/main/src/main/resources/io/termd/core/http/xterm.js#L2735","Yes","Undetermined"
"72b98cf325624c6df399f38d105f5d29_522772739","72b98cf325624c6df399f38d105f5d29","522772739","1567384848000","GNU Lesser General Public License v3.0","webterminal","static/plugins/xterm/xterm.js:3780","Code not available","https://github.com/jimmy201602/webterminal/blob/9e9a1813abf44dce94412a8c38931129ad56c4da/static/plugins/xterm/xterm.js#L3780","No","NaN"
"72b98cf325624c6df399f38d105f5d29_3162370065","72b98cf325624c6df399f38d105f5d29","3162370065","1570172596000","Apache License 2.0","hadoop","hadoop-yarn-project/hadoop-yarn/hadoop-yarn-server/hadoop-yarn-server-nodemanager/src/main/resources/TERMINAL/xterm/dist/xterm.js:3573","Code not available","https://github.com/apache/hadoop/blob/8a83e16da081434e3e2d52fd545391d6bfb47952/hadoop-yarn-project/hadoop-yarn/hadoop-yarn-server/hadoop-yarn-server-nodemanager/src/main/resources/TERMINAL/xterm/dist/xterm.js#L3573","No","Apache-2.0 incompatible with LGPL-3.0"
"72b98cf325624c6df399f38d105f5d29_1013753558","72b98cf325624c6df399f38d105f5d29","1013753558","1579472799000","GNU General Public License v3.0","linuxdeploy","app/src/main/assets/web/js/xterm.js:3487","Code not available","https://github.com/meefik/linuxdeploy/blob/821cbeb08caf4ec5e8562cfc4930addec1300c97/app/src/main/assets/web/js/xterm.js#L3487","No","NaN"
"72b98cf325624c6df399f38d105f5d29_2416460407","72b98cf325624c6df399f38d105f5d29","2416460407","1584350789000","Apache License 2.0","webconsole","./static/scripts/libs/termjs/xterm.js:3796","Code not available","https://github.com/shibingli/webconsole/blob/90c7a48dc7b613290e867d491383429088cb5938/./static/scripts/libs/termjs/xterm.js#L3796","No","Apache-2.0 incompatible with LGPL-3.0"
"72b98cf325624c6df399f38d105f5d29_1305386973","72b98cf325624c6df399f38d105f5d29","1305386973","1649429363000","MIT License","kubebox","docs/libs/xterm.js:3850","Code not available","https://github.com/astefanutti/kubebox/blob/bb91d7c5c48e715fff630b775199e85414136766/docs/libs/xterm.js#L3850","No","MIT incompatible with LGPL-3.0"
"72b98cf325624c6df399f38d105f5d29_3084233893","72b98cf325624c6df399f38d105f5d29","3084233893","1661482604000","Apache License 2.0","arthas","core/src/main/resources/com/taobao/arthas/core/http/xterm.js:3796","Code not available","https://github.com/alibaba/arthas/blob/6d2d78dd1c811ddafe9c5488328dd3fc05400f21/core/src/main/resources/com/taobao/arthas/core/http/xterm.js#L3796","No","Apache-2.0 incompatible with LGPL-3.0"
"72b98cf325624c6df399f38d105f5d29_355421852","72b98cf325624c6df399f38d105f5d29","355421852","1668922130000","GNU General Public License v2.0","OpsManage","static/xterm/xterm.js:3796","Code not available","https://github.com/welliamcao/OpsManage/blob/4e120d88f9a33d2422abdbe7761fde73a369c8ba/static/xterm/xterm.js#L3796","No","Undetermined"
"72b98cf325624c6df399f38d105f5d29_1582889900","72b98cf325624c6df399f38d105f5d29","1582889900","1728999529000","NaN","webvirtcloud","./static/js/xterm@3.6.0/xterm.js:3487","Code not available","https://github.com/retspen/webvirtcloud/blob/b892af989b8dd6866eebb27d9a4bc3f244f50fa3/./static/js/xterm@3.6.0/xterm.js#L3487","No","Undetermined"
"72b98cf325624c6df399f38d105f5d29_633176973","72b98cf325624c6df399f38d105f5d29","633176973","Error: 403 Client Error: Forbidden for url: https://api.github.com/repos/alibaba/termd/commits?per_page=1&page=1","Error fetching data","NaN","./src/main/resources/io/termd/core/http/xterm.js:3796","Code not available","https://github.com/alibaba/termd/blob/main/src/main/resources/io/termd/core/http/xterm.js#L3796","Yes","Undetermined"
"9b6d14414bf65fdd9aa9e1c221d92e2a_522772739","9b6d14414bf65fdd9aa9e1c221d92e2a","522772739","1567384848000","GNU Lesser General Public License v3.0","webterminal","static/plugins/xterm/xterm.js:2826","Code not available","https://github.com/jimmy201602/webterminal/blob/9e9a1813abf44dce94412a8c38931129ad56c4da/static/plugins/xterm/xterm.js#L2826","No","NaN"
"9b6d14414bf65fdd9aa9e1c221d92e2a_3677293766","9b6d14414bf65fdd9aa9e1c221d92e2a","3677293766","1567947824000","Other","Bastillion","src/main/webapp/_res/js/tty/xterm.js:2929","Code not available","https://github.com/bastillion-io/Bastillion/blob/507785bdb9472a204f18fbdb087e2072df1ce9c0/src/main/webapp/_res/js/tty/xterm.js#L2929","No","Undetermined"
"9b6d14414bf65fdd9aa9e1c221d92e2a_3162370065","9b6d14414bf65fdd9aa9e1c221d92e2a","3162370065","1570172596000","Apache License 2.0","hadoop","hadoop-yarn-project/hadoop-yarn/hadoop-yarn-server/hadoop-yarn-server-nodemanager/src/main/resources/TERMINAL/xterm/dist/xterm.js:2619","Code not available","https://github.com/apache/hadoop/blob/8a83e16da081434e3e2d52fd545391d6bfb47952/hadoop-yarn-project/hadoop-yarn/hadoop-yarn-server/hadoop-yarn-server-nodemanager/src/main/resources/TERMINAL/xterm/dist/xterm.js#L2619","No","Apache-2.0 incompatible with LGPL-3.0"
"9b6d14414bf65fdd9aa9e1c221d92e2a_2416460407","9b6d14414bf65fdd9aa9e1c221d92e2a","2416460407","1584350789000","Apache License 2.0","webconsole","./static/scripts/libs/termjs/xterm.js:2828","Code not available","https://github.com/shibingli/webconsole/blob/90c7a48dc7b613290e867d491383429088cb5938/./static/scripts/libs/termjs/xterm.js#L2828","No","Apache-2.0 incompatible with LGPL-3.0"
"9b6d14414bf65fdd9aa9e1c221d92e2a_807067527","9b6d14414bf65fdd9aa9e1c221d92e2a","807067527","1608215375000","MIT License","OmniDB","OmniDB/OmniDB_app/static/OmniDB_app/js/xterm.js:3118","Code not available","https://github.com/OmniDB/OmniDB/blob/789291204fa7a3a09dd3cf28ccfbf7f0b2a90ca0/OmniDB/OmniDB_app/static/OmniDB_app/js/xterm.js#L3118","No","MIT incompatible with LGPL-3.0"
"9b6d14414bf65fdd9aa9e1c221d92e2a_1305386973","9b6d14414bf65fdd9aa9e1c221d92e2a","1305386973","1649429363000","MIT License","kubebox","docs/libs/xterm.js:2929","Code not available","https://github.com/astefanutti/kubebox/blob/bb91d7c5c48e715fff630b775199e85414136766/docs/libs/xterm.js#L2929","No","MIT incompatible with LGPL-3.0"
"9b6d14414bf65fdd9aa9e1c221d92e2a_3084233893","9b6d14414bf65fdd9aa9e1c221d92e2a","3084233893","1650856246000","Apache License 2.0","arthas","core/src/main/resources/com/taobao/arthas/core/http/xterm.js:2828","Code not available","https://github.com/alibaba/arthas/blob/7e5e320cdfa5b1ee64032570be0eb22e01408176/core/src/main/resources/com/taobao/arthas/core/http/xterm.js#L2828","No","Apache-2.0 incompatible with LGPL-3.0"
"9b6d14414bf65fdd9aa9e1c221d92e2a_1992870902","9b6d14414bf65fdd9aa9e1c221d92e2a","1992870902","1662503639000","GNU General Public License v3.0","LxdMosaic","src/assets/xterm/xterm.js:3118","Code not available","https://github.com/turtle0x1/LxdMosaic/blob/c6f53f3fcb66d2cf741abff5d0a657b548cdfc18/src/assets/xterm/xterm.js#L3118","No","NaN"
"9b6d14414bf65fdd9aa9e1c221d92e2a_355421852","9b6d14414bf65fdd9aa9e1c221d92e2a","355421852","1668922130000","GNU General Public License v2.0","OpsManage","static/xterm/xterm.js:2828","Code not available","https://github.com/welliamcao/OpsManage/blob/4e120d88f9a33d2422abdbe7761fde73a369c8ba/static/xterm/xterm.js#L2828","No","Undetermined"
"9b6d14414bf65fdd9aa9e1c221d92e2a_1578317806","9b6d14414bf65fdd9aa9e1c221d92e2a","1578317806","1683023913000","Other","Nuages","Clients/Nuages_WebCli/lib/xterm.js:3118","Code not available","https://github.com/p3nt4/Nuages/blob/d4ca97c79106e2b52fe7cbb06af807cea516c1b2/Clients/Nuages_WebCli/lib/xterm.js#L3118","No","Undetermined"
"9b6d14414bf65fdd9aa9e1c221d92e2a_633176973","9b6d14414bf65fdd9aa9e1c221d92e2a","633176973","Error: 403 Client Error: Forbidden for url: https://api.github.com/repos/alibaba/termd/commits?per_page=1&page=1","Error fetching data","NaN","./src/main/resources/io/termd/core/http/xterm.js:2828","Code not available","https://github.com/alibaba/termd/blob/main/src/main/resources/io/termd/core/http/xterm.js#L2828","Yes","Undetermined"
"b41a6d3ff042a0fa9b62196db7ebc424_522772739","b41a6d3ff042a0fa9b62196db7ebc424","522772739","1567384848000","GNU Lesser General Public License v3.0","webterminal","static/plugins/xterm/xterm.js:5602","Code not available","https://github.com/jimmy201602/webterminal/blob/9e9a1813abf44dce94412a8c38931129ad56c4da/static/plugins/xterm/xterm.js#L5602","No","NaN"
"b41a6d3ff042a0fa9b62196db7ebc424_3162370065","b41a6d3ff042a0fa9b62196db7ebc424","3162370065","1570172596000","Apache License 2.0","hadoop","hadoop-yarn-project/hadoop-yarn/hadoop-yarn-server/hadoop-yarn-server-nodemanager/src/main/resources/TERMINAL/xterm/dist/xterm.js:5390","Code not available","https://github.com/apache/hadoop/blob/8a83e16da081434e3e2d52fd545391d6bfb47952/hadoop-yarn-project/hadoop-yarn/hadoop-yarn-server/hadoop-yarn-server-nodemanager/src/main/resources/TERMINAL/xterm/dist/xterm.js#L5390","No","Apache-2.0 incompatible with LGPL-3.0"
"b41a6d3ff042a0fa9b62196db7ebc424_1013753558","b41a6d3ff042a0fa9b62196db7ebc424","1013753558","1579472799000","GNU General Public License v3.0","linuxdeploy","app/src/main/assets/web/js/xterm.js:5226","Code not available","https://github.com/meefik/linuxdeploy/blob/821cbeb08caf4ec5e8562cfc4930addec1300c97/app/src/main/assets/web/js/xterm.js#L5226","No","NaN"
"b41a6d3ff042a0fa9b62196db7ebc424_2416460407","b41a6d3ff042a0fa9b62196db7ebc424","2416460407","1584350789000","Apache License 2.0","webconsole","./static/scripts/libs/termjs/xterm.js:5702","Code not available","https://github.com/shibingli/webconsole/blob/90c7a48dc7b613290e867d491383429088cb5938/./static/scripts/libs/termjs/xterm.js#L5702","No","Apache-2.0 incompatible with LGPL-3.0"
"b41a6d3ff042a0fa9b62196db7ebc424_1305386973","b41a6d3ff042a0fa9b62196db7ebc424","1305386973","1649429363000","MIT License","kubebox","docs/libs/xterm.js:5230","Code not available","https://github.com/astefanutti/kubebox/blob/bb91d7c5c48e715fff630b775199e85414136766/docs/libs/xterm.js#L5230","No","MIT incompatible with LGPL-3.0"
"b41a6d3ff042a0fa9b62196db7ebc424_3084233893","b41a6d3ff042a0fa9b62196db7ebc424","3084233893","1661482604000","Apache License 2.0","arthas","core/src/main/resources/com/taobao/arthas/core/http/xterm.js:5702","Code not available","https://github.com/alibaba/arthas/blob/6d2d78dd1c811ddafe9c5488328dd3fc05400f21/core/src/main/resources/com/taobao/arthas/core/http/xterm.js#L5702","No","Apache-2.0 incompatible with LGPL-3.0"
"b41a6d3ff042a0fa9b62196db7ebc424_355421852","b41a6d3ff042a0fa9b62196db7ebc424","355421852","1668922130000","GNU General Public License v2.0","OpsManage","static/xterm/xterm.js:5702","Code not available","https://github.com/welliamcao/OpsManage/blob/4e120d88f9a33d2422abdbe7761fde73a369c8ba/static/xterm/xterm.js#L5702","No","Undetermined"
"b41a6d3ff042a0fa9b62196db7ebc424_1824255851","b41a6d3ff042a0fa9b62196db7ebc424","1824255851","1711424528000","GNU General Public License v3.0","jumpserver","apps/static/js/plugins/xterm/xterm.js:5123","Code not available","https://github.com/jumpserver/jumpserver/blob/4f34ce5edb6be43fe01468faad4f158a82a08dce/apps/static/js/plugins/xterm/xterm.js#L5123","No","NaN"
"b41a6d3ff042a0fa9b62196db7ebc424_1582889900","b41a6d3ff042a0fa9b62196db7ebc424","1582889900","1728999529000","NaN","webvirtcloud","./static/js/xterm@3.6.0/xterm.js:5226","Code not available","https://github.com/retspen/webvirtcloud/blob/b892af989b8dd6866eebb27d9a4bc3f244f50fa3/./static/js/xterm@3.6.0/xterm.js#L5226","No","Undetermined"
"b41a6d3ff042a0fa9b62196db7ebc424_633176973","b41a6d3ff042a0fa9b62196db7ebc424","633176973","Error: 403 Client Error: Forbidden for url: https://api.github.com/repos/alibaba/termd/commits?per_page=1&page=1","Error fetching data","evaluateKeyboardEvent","./src/main/resources/io/termd/core/http/xterm.js:5702","Code not available","https://github.com/alibaba/termd/blob/main/src/main/resources/io/termd/core/http/xterm.js#L5702","Yes","Undetermined"
"f1770783e341c5df7e762a1c91a5d241_522772739","f1770783e341c5df7e762a1c91a5d241","522772739","1567384848000","GNU Lesser General Public License v3.0","webterminal","static/plugins/xterm/xterm.js:4742","Code not available","https://github.com/jimmy201602/webterminal/blob/9e9a1813abf44dce94412a8c38931129ad56c4da/static/plugins/xterm/xterm.js#L4742","No","NaN"
"f1770783e341c5df7e762a1c91a5d241_3162370065","f1770783e341c5df7e762a1c91a5d241","3162370065","1570172596000","Apache License 2.0","hadoop","hadoop-yarn-project/hadoop-yarn/hadoop-yarn-server/hadoop-yarn-server-nodemanager/src/main/resources/TERMINAL/xterm/dist/xterm.js:4530","Code not available","https://github.com/apache/hadoop/blob/8a83e16da081434e3e2d52fd545391d6bfb47952/hadoop-yarn-project/hadoop-yarn/hadoop-yarn-server/hadoop-yarn-server-nodemanager/src/main/resources/TERMINAL/xterm/dist/xterm.js#L4530","No","Apache-2.0 incompatible with LGPL-3.0"
"f1770783e341c5df7e762a1c91a5d241_1013753558","f1770783e341c5df7e762a1c91a5d241","1013753558","1579472799000","GNU General Public License v3.0","linuxdeploy","app/src/main/assets/web/js/xterm.js:4443","Code not available","https://github.com/meefik/linuxdeploy/blob/821cbeb08caf4ec5e8562cfc4930addec1300c97/app/src/main/assets/web/js/xterm.js#L4443","No","NaN"
"f1770783e341c5df7e762a1c91a5d241_2416460407","f1770783e341c5df7e762a1c91a5d241","2416460407","1584350789000","Apache License 2.0","webconsole","./static/scripts/libs/termjs/xterm.js:4782","Code not available","https://github.com/shibingli/webconsole/blob/90c7a48dc7b613290e867d491383429088cb5938/./static/scripts/libs/termjs/xterm.js#L4782","No","Apache-2.0 incompatible with LGPL-3.0"
"f1770783e341c5df7e762a1c91a5d241_748547861","f1770783e341c5df7e762a1c91a5d241","748547861","1615133265000","Apache License 2.0","myrtille","Myrtille.Web/js/xterm/xterm.js:4599","Code not available","https://github.com/cedrozor/myrtille/blob/6f209f8d2ac4b4d130235fddbb963a74c59a217e/Myrtille.Web/js/xterm/xterm.js#L4599","No","Apache-2.0 incompatible with LGPL-3.0"
"f1770783e341c5df7e762a1c91a5d241_1305386973","f1770783e341c5df7e762a1c91a5d241","1305386973","1649429363000","MIT License","kubebox","docs/libs/xterm.js:4849","Code not available","https://github.com/astefanutti/kubebox/blob/bb91d7c5c48e715fff630b775199e85414136766/docs/libs/xterm.js#L4849","No","MIT incompatible with LGPL-3.0"
"f1770783e341c5df7e762a1c91a5d241_3084233893","f1770783e341c5df7e762a1c91a5d241","3084233893","1661482604000","Apache License 2.0","arthas","core/src/main/resources/com/taobao/arthas/core/http/xterm.js:4782","Code not available","https://github.com/alibaba/arthas/blob/6d2d78dd1c811ddafe9c5488328dd3fc05400f21/core/src/main/resources/com/taobao/arthas/core/http/xterm.js#L4782","No","Apache-2.0 incompatible with LGPL-3.0"
"f1770783e341c5df7e762a1c91a5d241_355421852","f1770783e341c5df7e762a1c91a5d241","355421852","1668922130000","GNU General Public License v2.0","OpsManage","static/xterm/xterm.js:4782","Code not available","https://github.com/welliamcao/OpsManage/blob/4e120d88f9a33d2422abdbe7761fde73a369c8ba/static/xterm/xterm.js#L4782","No","Undetermined"
"f1770783e341c5df7e762a1c91a5d241_1824255851","f1770783e341c5df7e762a1c91a5d241","1824255851","1711424528000","GNU General Public License v3.0","jumpserver","apps/static/js/plugins/xterm/xterm.js:4348","Code not available","https://github.com/jumpserver/jumpserver/blob/4f34ce5edb6be43fe01468faad4f158a82a08dce/apps/static/js/plugins/xterm/xterm.js#L4348","No","NaN"
"f1770783e341c5df7e762a1c91a5d241_1582889900","f1770783e341c5df7e762a1c91a5d241","1582889900","1728999529000","NaN","webvirtcloud","./static/js/xterm@3.6.0/xterm.js:4443","Code not available","https://github.com/retspen/webvirtcloud/blob/b892af989b8dd6866eebb27d9a4bc3f244f50fa3/./static/js/xterm@3.6.0/xterm.js#L4443","No","Undetermined"
"f1770783e341c5df7e762a1c91a5d241_633176973","f1770783e341c5df7e762a1c91a5d241","633176973","Error: 403 Client Error: Forbidden for url: https://api.github.com/repos/alibaba/termd/commits?per_page=1&page=1","Error fetching data","NaN","./src/main/resources/io/termd/core/http/xterm.js:4782","Code not available","https://github.com/alibaba/termd/blob/main/src/main/resources/io/termd/core/http/xterm.js#L4782","Yes","Undetermined"
"f84de413974755dd931932ab5391aa21_522772739","f84de413974755dd931932ab5391aa21","522772739","1567384848000","GNU Lesser General Public License v3.0","webterminal","static/plugins/xterm/xterm.js:2845","Code not available","https://github.com/jimmy201602/webterminal/blob/9e9a1813abf44dce94412a8c38931129ad56c4da/static/plugins/xterm/xterm.js#L2845","No","NaN"
"f84de413974755dd931932ab5391aa21_3677293766","f84de413974755dd931932ab5391aa21","3677293766","1567947824000","Other","Bastillion","src/main/webapp/_res/js/tty/xterm.js:2948","Code not available","https://github.com/bastillion-io/Bastillion/blob/507785bdb9472a204f18fbdb087e2072df1ce9c0/src/main/webapp/_res/js/tty/xterm.js#L2948","No","Undetermined"
"f84de413974755dd931932ab5391aa21_3162370065","f84de413974755dd931932ab5391aa21","3162370065","1570172596000","Apache License 2.0","hadoop","hadoop-yarn-project/hadoop-yarn/hadoop-yarn-server/hadoop-yarn-server-nodemanager/src/main/resources/TERMINAL/xterm/dist/xterm.js:2638","Code not available","https://github.com/apache/hadoop/blob/8a83e16da081434e3e2d52fd545391d6bfb47952/hadoop-yarn-project/hadoop-yarn/hadoop-yarn-server/hadoop-yarn-server-nodemanager/src/main/resources/TERMINAL/xterm/dist/xterm.js#L2638","No","Apache-2.0 incompatible with LGPL-3.0"
"f84de413974755dd931932ab5391aa21_1013753558","f84de413974755dd931932ab5391aa21","1013753558","1579472799000","GNU General Public License v3.0","linuxdeploy","app/src/main/assets/web/js/xterm.js:2549","Code not available","https://github.com/meefik/linuxdeploy/blob/821cbeb08caf4ec5e8562cfc4930addec1300c97/app/src/main/assets/web/js/xterm.js#L2549","No","NaN"
"f84de413974755dd931932ab5391aa21_2416460407","f84de413974755dd931932ab5391aa21","2416460407","1584350789000","Apache License 2.0","webconsole","./static/scripts/libs/termjs/xterm.js:2847","Code not available","https://github.com/shibingli/webconsole/blob/90c7a48dc7b613290e867d491383429088cb5938/./static/scripts/libs/termjs/xterm.js#L2847","No","Apache-2.0 incompatible with LGPL-3.0"
"f84de413974755dd931932ab5391aa21_807067527","f84de413974755dd931932ab5391aa21","807067527","1608215375000","MIT License","OmniDB","OmniDB/OmniDB_app/static/OmniDB_app/js/xterm.js:3137","Code not available","https://github.com/OmniDB/OmniDB/blob/789291204fa7a3a09dd3cf28ccfbf7f0b2a90ca0/OmniDB/OmniDB_app/static/OmniDB_app/js/xterm.js#L3137","No","MIT incompatible with LGPL-3.0"
"f84de413974755dd931932ab5391aa21_748547861","f84de413974755dd931932ab5391aa21","748547861","1615133265000","Apache License 2.0","myrtille","Myrtille.Web/js/xterm/xterm.js:1988","Code not available","https://github.com/cedrozor/myrtille/blob/6f209f8d2ac4b4d130235fddbb963a74c59a217e/Myrtille.Web/js/xterm/xterm.js#L1988","No","Apache-2.0 incompatible with LGPL-3.0"
"f84de413974755dd931932ab5391aa21_2684670546","f84de413974755dd931932ab5391aa21","2684670546","1631541814000","Other","mbed-simulator","viewer/xterm/xterm.js:1990","Code not available","https://github.com/janjongboom/mbed-simulator/blob/75ebeb0c65601882eb3b93f37aa0d46450804ade/viewer/xterm/xterm.js#L1990","No","Undetermined"
"f84de413974755dd931932ab5391aa21_1305386973","f84de413974755dd931932ab5391aa21","1305386973","1649429363000","MIT License","kubebox","docs/libs/xterm.js:2948","Code not available","https://github.com/astefanutti/kubebox/blob/bb91d7c5c48e715fff630b775199e85414136766/docs/libs/xterm.js#L2948","No","MIT incompatible with LGPL-3.0"
"f84de413974755dd931932ab5391aa21_3084233893","f84de413974755dd931932ab5391aa21","3084233893","1661482604000","Apache License 2.0","arthas","core/src/main/resources/com/taobao/arthas/core/http/xterm.js:2847","Code not available","https://github.com/alibaba/arthas/blob/6d2d78dd1c811ddafe9c5488328dd3fc05400f21/core/src/main/resources/com/taobao/arthas/core/http/xterm.js#L2847","No","Apache-2.0 incompatible with LGPL-3.0"
"f84de413974755dd931932ab5391aa21_1992870902","f84de413974755dd931932ab5391aa21","1992870902","1662503639000","GNU General Public License v3.0","LxdMosaic","src/assets/xterm/xterm.js:3137","Code not available","https://github.com/turtle0x1/LxdMosaic/blob/c6f53f3fcb66d2cf741abff5d0a657b548cdfc18/src/assets/xterm/xterm.js#L3137","No","NaN"
"f84de413974755dd931932ab5391aa21_355421852","f84de413974755dd931932ab5391aa21","355421852","1668922130000","GNU General Public License v2.0","OpsManage","static/xterm/xterm.js:2847","Code not available","https://github.com/welliamcao/OpsManage/blob/4e120d88f9a33d2422abdbe7761fde73a369c8ba/static/xterm/xterm.js#L2847","No","Undetermined"
"f84de413974755dd931932ab5391aa21_1578317806","f84de413974755dd931932ab5391aa21","1578317806","1683023913000","Other","Nuages","Clients/Nuages_WebCli/lib/xterm.js:3137","Code not available","https://github.com/p3nt4/Nuages/blob/d4ca97c79106e2b52fe7cbb06af807cea516c1b2/Clients/Nuages_WebCli/lib/xterm.js#L3137","No","Undetermined"
"f84de413974755dd931932ab5391aa21_1824255851","f84de413974755dd931932ab5391aa21","1824255851","1711424528000","GNU General Public License v3.0","jumpserver","apps/static/js/plugins/xterm/xterm.js:2544","Code not available","https://github.com/jumpserver/jumpserver/blob/4f34ce5edb6be43fe01468faad4f158a82a08dce/apps/static/js/plugins/xterm/xterm.js#L2544","No","NaN"
"f84de413974755dd931932ab5391aa21_1582889900","f84de413974755dd931932ab5391aa21","1582889900","1728999529000","NaN","webvirtcloud","./static/js/xterm@3.6.0/xterm.js:2549","Code not available","https://github.com/retspen/webvirtcloud/blob/b892af989b8dd6866eebb27d9a4bc3f244f50fa3/./static/js/xterm@3.6.0/xterm.js#L2549","No","Undetermined"
"f84de413974755dd931932ab5391aa21_633176973","f84de413974755dd931932ab5391aa21","633176973","Error: 403 Client Error: Forbidden for url: https://api.github.com/repos/alibaba/termd/commits?per_page=1&page=1","Error fetching data","NaN","./src/main/resources/io/termd/core/http/xterm.js:2847","Code not available","https://github.com/alibaba/termd/blob/main/src/main/resources/io/termd/core/http/xterm.js#L2847","Yes","Undetermined"
"fcf7201b9b58a9159be073ce323bba52_522772739","fcf7201b9b58a9159be073ce323bba52","522772739","1567384848000","GNU Lesser General Public License v3.0","webterminal","static/plugins/xterm/xterm.js:4075","Code not available","https://github.com/jimmy201602/webterminal/blob/9e9a1813abf44dce94412a8c38931129ad56c4da/static/plugins/xterm/xterm.js#L4075","No","NaN"
"fcf7201b9b58a9159be073ce323bba52_3162370065","fcf7201b9b58a9159be073ce323bba52","3162370065","1570172596000","Apache License 2.0","hadoop","hadoop-yarn-project/hadoop-yarn/hadoop-yarn-server/hadoop-yarn-server-nodemanager/src/main/resources/TERMINAL/xterm/dist/xterm.js:3863","Code not available","https://github.com/apache/hadoop/blob/8a83e16da081434e3e2d52fd545391d6bfb47952/hadoop-yarn-project/hadoop-yarn/hadoop-yarn-server/hadoop-yarn-server-nodemanager/src/main/resources/TERMINAL/xterm/dist/xterm.js#L3863","No","Apache-2.0 incompatible with LGPL-3.0"
"fcf7201b9b58a9159be073ce323bba52_1013753558","fcf7201b9b58a9159be073ce323bba52","1013753558","1579472799000","GNU General Public License v3.0","linuxdeploy","app/src/main/assets/web/js/xterm.js:3776","Code not available","https://github.com/meefik/linuxdeploy/blob/821cbeb08caf4ec5e8562cfc4930addec1300c97/app/src/main/assets/web/js/xterm.js#L3776","No","NaN"
"fcf7201b9b58a9159be073ce323bba52_2416460407","fcf7201b9b58a9159be073ce323bba52","2416460407","1584350789000","Apache License 2.0","webconsole","./static/scripts/libs/termjs/xterm.js:4092","Code not available","https://github.com/shibingli/webconsole/blob/90c7a48dc7b613290e867d491383429088cb5938/./static/scripts/libs/termjs/xterm.js#L4092","No","Apache-2.0 incompatible with LGPL-3.0"
"fcf7201b9b58a9159be073ce323bba52_1305386973","fcf7201b9b58a9159be073ce323bba52","1305386973","1649429363000","MIT License","kubebox","docs/libs/xterm.js:4147","Code not available","https://github.com/astefanutti/kubebox/blob/bb91d7c5c48e715fff630b775199e85414136766/docs/libs/xterm.js#L4147","No","MIT incompatible with LGPL-3.0"
"fcf7201b9b58a9159be073ce323bba52_3084233893","fcf7201b9b58a9159be073ce323bba52","3084233893","1661482604000","Apache License 2.0","arthas","core/src/main/resources/com/taobao/arthas/core/http/xterm.js:4092","Code not available","https://github.com/alibaba/arthas/blob/6d2d78dd1c811ddafe9c5488328dd3fc05400f21/core/src/main/resources/com/taobao/arthas/core/http/xterm.js#L4092","No","Apache-2.0 incompatible with LGPL-3.0"
"fcf7201b9b58a9159be073ce323bba52_355421852","fcf7201b9b58a9159be073ce323bba52","355421852","1668922130000","GNU General Public License v2.0","OpsManage","static/xterm/xterm.js:4092","Code not available","https://github.com/welliamcao/OpsManage/blob/4e120d88f9a33d2422abdbe7761fde73a369c8ba/static/xterm/xterm.js#L4092","No","Undetermined"
"fcf7201b9b58a9159be073ce323bba52_1582889900","fcf7201b9b58a9159be073ce323bba52","1582889900","1728999529000","NaN","webvirtcloud","./static/js/xterm@3.6.0/xterm.js:3776","Code not available","https://github.com/retspen/webvirtcloud/blob/b892af989b8dd6866eebb27d9a4bc3f244f50fa3/./static/js/xterm@3.6.0/xterm.js#L3776","No","Undetermined"
"fcf7201b9b58a9159be073ce323bba52_633176973","fcf7201b9b58a9159be073ce323bba52","633176973","Error: 403 Client Error: Forbidden for url: https://api.github.com/repos/alibaba/termd/commits?per_page=1&page=1","Error fetching data","NaN","./src/main/resources/io/termd/core/http/xterm.js:4092","Code not available","https://github.com/alibaba/termd/blob/main/src/main/resources/io/termd/core/http/xterm.js#L4092","Yes","Undetermined"
"c43706299de7649b0cd6980a367ead28_3162370065","c43706299de7649b0cd6980a367ead28","3162370065","1570172596000","Apache License 2.0","hadoop","hadoop-yarn-project/hadoop-yarn/hadoop-yarn-server/hadoop-yarn-server-nodemanager/src/main/resources/TERMINAL/xterm/dist/xterm.js:2865","Code not available","https://github.com/apache/hadoop/blob/8a83e16da081434e3e2d52fd545391d6bfb47952/hadoop-yarn-project/hadoop-yarn/hadoop-yarn-server/hadoop-yarn-server-nodemanager/src/main/resources/TERMINAL/xterm/dist/xterm.js#L2865","No","Apache-2.0 incompatible with LGPL-3.0"
"c43706299de7649b0cd6980a367ead28_1013753558","c43706299de7649b0cd6980a367ead28","1013753558","1579472799000","GNU General Public License v3.0","linuxdeploy","app/src/main/assets/web/js/xterm.js:2783","Code not available","https://github.com/meefik/linuxdeploy/blob/821cbeb08caf4ec5e8562cfc4930addec1300c97/app/src/main/assets/web/js/xterm.js#L2783","No","NaN"
"c43706299de7649b0cd6980a367ead28_2416460407","c43706299de7649b0cd6980a367ead28","2416460407","1584350789000","Apache License 2.0","webconsole","./static/scripts/libs/termjs/xterm.js:3074","Code not available","https://github.com/shibingli/webconsole/blob/90c7a48dc7b613290e867d491383429088cb5938/./static/scripts/libs/termjs/xterm.js#L3074","No","Apache-2.0 incompatible with LGPL-3.0"
"c43706299de7649b0cd6980a367ead28_1305386973","c43706299de7649b0cd6980a367ead28","1305386973","1649429363000","MIT License","kubebox","docs/libs/xterm.js:2783","Code not available","https://github.com/astefanutti/kubebox/blob/bb91d7c5c48e715fff630b775199e85414136766/docs/libs/xterm.js#L2783","No","MIT incompatible with LGPL-3.0"
"c43706299de7649b0cd6980a367ead28_3084233893","c43706299de7649b0cd6980a367ead28","3084233893","1661482604000","Apache License 2.0","arthas","core/src/main/resources/com/taobao/arthas/core/http/xterm.js:3074","Code not available","https://github.com/alibaba/arthas/blob/6d2d78dd1c811ddafe9c5488328dd3fc05400f21/core/src/main/resources/com/taobao/arthas/core/http/xterm.js#L3074","No","Apache-2.0 incompatible with LGPL-3.0"
"c43706299de7649b0cd6980a367ead28_355421852","c43706299de7649b0cd6980a367ead28","355421852","1668922130000","GNU General Public License v2.0","OpsManage","static/xterm/xterm.js:3074","Code not available","https://github.com/welliamcao/OpsManage/blob/4e120d88f9a33d2422abdbe7761fde73a369c8ba/static/xterm/xterm.js#L3074","No","Undetermined"
"c43706299de7649b0cd6980a367ead28_1824255851","c43706299de7649b0cd6980a367ead28","1824255851","1711424528000","GNU General Public License v3.0","jumpserver","apps/static/js/plugins/xterm/xterm.js:2773","Code not available","https://github.com/jumpserver/jumpserver/blob/4f34ce5edb6be43fe01468faad4f158a82a08dce/apps/static/js/plugins/xterm/xterm.js#L2773","No","NaN"
"c43706299de7649b0cd6980a367ead28_1582889900","c43706299de7649b0cd6980a367ead28","1582889900","1728999529000","NaN","webvirtcloud","./static/js/xterm@3.6.0/xterm.js:2783","Code not available","https://github.com/retspen/webvirtcloud/blob/b892af989b8dd6866eebb27d9a4bc3f244f50fa3/./static/js/xterm@3.6.0/xterm.js#L2783","No","Undetermined"
"c43706299de7649b0cd6980a367ead28_633176973","c43706299de7649b0cd6980a367ead28","633176973","Error: 403 Client Error: Forbidden for url: https://api.github.com/repos/alibaba/termd/commits?per_page=1&page=1","Error fetching data","NaN","./src/main/resources/io/termd/core/http/xterm.js:3074","Code not available","https://github.com/alibaba/termd/blob/main/src/main/resources/io/termd/core/http/xterm.js#L3074","Yes","Undetermined"
"c54348c49b36c3ed89fe447a32388be4_522772739","c54348c49b36c3ed89fe447a32388be4","522772739","1567384848000","GNU Lesser General Public License v3.0","webterminal","static/plugins/xterm/xterm.js:2726","Code not available","https://github.com/jimmy201602/webterminal/blob/9e9a1813abf44dce94412a8c38931129ad56c4da/static/plugins/xterm/xterm.js#L2726","No","NaN"
"c54348c49b36c3ed89fe447a32388be4_3677293766","c54348c49b36c3ed89fe447a32388be4","3677293766","1567947824000","Other","Bastillion","src/main/webapp/_res/js/tty/xterm.js:2824","Code not available","https://github.com/bastillion-io/Bastillion/blob/507785bdb9472a204f18fbdb087e2072df1ce9c0/src/main/webapp/_res/js/tty/xterm.js#L2824","No","Undetermined"
"c54348c49b36c3ed89fe447a32388be4_3162370065","c54348c49b36c3ed89fe447a32388be4","3162370065","1570172596000","Apache License 2.0","hadoop","hadoop-yarn-project/hadoop-yarn/hadoop-yarn-server/hadoop-yarn-server-nodemanager/src/main/resources/TERMINAL/xterm/dist/xterm.js:2519","Code not available","https://github.com/apache/hadoop/blob/8a83e16da081434e3e2d52fd545391d6bfb47952/hadoop-yarn-project/hadoop-yarn/hadoop-yarn-server/hadoop-yarn-server-nodemanager/src/main/resources/TERMINAL/xterm/dist/xterm.js#L2519","No","Apache-2.0 incompatible with LGPL-3.0"
"c54348c49b36c3ed89fe447a32388be4_1013753558","c54348c49b36c3ed89fe447a32388be4","1013753558","1579472799000","GNU General Public License v3.0","linuxdeploy","app/src/main/assets/web/js/xterm.js:2446","Code not available","https://github.com/meefik/linuxdeploy/blob/821cbeb08caf4ec5e8562cfc4930addec1300c97/app/src/main/assets/web/js/xterm.js#L2446","No","NaN"
"c54348c49b36c3ed89fe447a32388be4_2416460407","c54348c49b36c3ed89fe447a32388be4","2416460407","1584350789000","Apache License 2.0","webconsole","./static/scripts/libs/termjs/xterm.js:2728","Code not available","https://github.com/shibingli/webconsole/blob/90c7a48dc7b613290e867d491383429088cb5938/./static/scripts/libs/termjs/xterm.js#L2728","No","Apache-2.0 incompatible with LGPL-3.0"
"c54348c49b36c3ed89fe447a32388be4_807067527","c54348c49b36c3ed89fe447a32388be4","807067527","1608215375000","MIT License","OmniDB","OmniDB/OmniDB_app/static/OmniDB_app/js/xterm.js:3018","Code not available","https://github.com/OmniDB/OmniDB/blob/789291204fa7a3a09dd3cf28ccfbf7f0b2a90ca0/OmniDB/OmniDB_app/static/OmniDB_app/js/xterm.js#L3018","No","MIT incompatible with LGPL-3.0"
"c54348c49b36c3ed89fe447a32388be4_1305386973","c54348c49b36c3ed89fe447a32388be4","1305386973","1649429363000","MIT License","kubebox","docs/libs/xterm.js:2824","Code not available","https://github.com/astefanutti/kubebox/blob/bb91d7c5c48e715fff630b775199e85414136766/docs/libs/xterm.js#L2824","No","MIT incompatible with LGPL-3.0"
"c54348c49b36c3ed89fe447a32388be4_3084233893","c54348c49b36c3ed89fe447a32388be4","3084233893","1661482604000","Apache License 2.0","arthas","core/src/main/resources/com/taobao/arthas/core/http/xterm.js:2728","Code not available","https://github.com/alibaba/arthas/blob/6d2d78dd1c811ddafe9c5488328dd3fc05400f21/core/src/main/resources/com/taobao/arthas/core/http/xterm.js#L2728","No","Apache-2.0 incompatible with LGPL-3.0"
"c54348c49b36c3ed89fe447a32388be4_1992870902","c54348c49b36c3ed89fe447a32388be4","1992870902","1662503639000","GNU General Public License v3.0","LxdMosaic","src/assets/xterm/xterm.js:3018","Code not available","https://github.com/turtle0x1/LxdMosaic/blob/c6f53f3fcb66d2cf741abff5d0a657b548cdfc18/src/assets/xterm/xterm.js#L3018","No","NaN"
"c54348c49b36c3ed89fe447a32388be4_355421852","c54348c49b36c3ed89fe447a32388be4","355421852","1668922130000","GNU General Public License v2.0","OpsManage","static/xterm/xterm.js:2728","Code not available","https://github.com/welliamcao/OpsManage/blob/4e120d88f9a33d2422abdbe7761fde73a369c8ba/static/xterm/xterm.js#L2728","No","Undetermined"
"c54348c49b36c3ed89fe447a32388be4_1578317806","c54348c49b36c3ed89fe447a32388be4","1578317806","1683023913000","Other","Nuages","Clients/Nuages_WebCli/lib/xterm.js:3018","Code not available","https://github.com/p3nt4/Nuages/blob/d4ca97c79106e2b52fe7cbb06af807cea516c1b2/Clients/Nuages_WebCli/lib/xterm.js#L3018","No","Undetermined"
"c54348c49b36c3ed89fe447a32388be4_1824255851","c54348c49b36c3ed89fe447a32388be4","1824255851","1711424528000","GNU General Public License v3.0","jumpserver","apps/static/js/plugins/xterm/xterm.js:2441","Code not available","https://github.com/jumpserver/jumpserver/blob/4f34ce5edb6be43fe01468faad4f158a82a08dce/apps/static/js/plugins/xterm/xterm.js#L2441","No","NaN"
"c54348c49b36c3ed89fe447a32388be4_1582889900","c54348c49b36c3ed89fe447a32388be4","1582889900","1728999529000","NaN","webvirtcloud","./static/js/xterm@3.6.0/xterm.js:2446","Code not available","https://github.com/retspen/webvirtcloud/blob/b892af989b8dd6866eebb27d9a4bc3f244f50fa3/./static/js/xterm@3.6.0/xterm.js#L2446","No","Undetermined"
"c54348c49b36c3ed89fe447a32388be4_633176973","c54348c49b36c3ed89fe447a32388be4","633176973","Error: 403 Client Error: Forbidden for url: https://api.github.com/repos/alibaba/termd/commits?per_page=1&page=1","Error fetching data","NaN","./src/main/resources/io/termd/core/http/xterm.js:2728","Code not available","https://github.com/alibaba/termd/blob/main/src/main/resources/io/termd/core/http/xterm.js#L2728","Yes","Undetermined"
"c706feb14b946360fb250c123bcebb49_522772739","c706feb14b946360fb250c123bcebb49","522772739","1567384848000","GNU Lesser General Public License v3.0","webterminal","static/plugins/xterm/xterm.js:2931","Code not available","https://github.com/jimmy201602/webterminal/blob/9e9a1813abf44dce94412a8c38931129ad56c4da/static/plugins/xterm/xterm.js#L2931","No","NaN"
"c706feb14b946360fb250c123bcebb49_3677293766","c706feb14b946360fb250c123bcebb49","3677293766","1567947824000","Other","Bastillion","src/main/webapp/_res/js/tty/xterm.js:3039","Code not available","https://github.com/bastillion-io/Bastillion/blob/507785bdb9472a204f18fbdb087e2072df1ce9c0/src/main/webapp/_res/js/tty/xterm.js#L3039","No","Undetermined"
"c706feb14b946360fb250c123bcebb49_3162370065","c706feb14b946360fb250c123bcebb49","3162370065","1570172596000","Apache License 2.0","hadoop","hadoop-yarn-project/hadoop-yarn/hadoop-yarn-server/hadoop-yarn-server-nodemanager/src/main/resources/TERMINAL/xterm/dist/xterm.js:2724","Code not available","https://github.com/apache/hadoop/blob/8a83e16da081434e3e2d52fd545391d6bfb47952/hadoop-yarn-project/hadoop-yarn/hadoop-yarn-server/hadoop-yarn-server-nodemanager/src/main/resources/TERMINAL/xterm/dist/xterm.js#L2724","No","Apache-2.0 incompatible with LGPL-3.0"
"c706feb14b946360fb250c123bcebb49_2416460407","c706feb14b946360fb250c123bcebb49","2416460407","1584350789000","Apache License 2.0","webconsole","./static/scripts/libs/termjs/xterm.js:2933","Code not available","https://github.com/shibingli/webconsole/blob/90c7a48dc7b613290e867d491383429088cb5938/./static/scripts/libs/termjs/xterm.js#L2933","No","Apache-2.0 incompatible with LGPL-3.0"
"c706feb14b946360fb250c123bcebb49_807067527","c706feb14b946360fb250c123bcebb49","807067527","1608215375000","MIT License","OmniDB","OmniDB/OmniDB_app/static/OmniDB_app/js/xterm.js:3229","Code not available","https://github.com/OmniDB/OmniDB/blob/789291204fa7a3a09dd3cf28ccfbf7f0b2a90ca0/OmniDB/OmniDB_app/static/OmniDB_app/js/xterm.js#L3229","No","MIT incompatible with LGPL-3.0"
"c706feb14b946360fb250c123bcebb49_1305386973","c706feb14b946360fb250c123bcebb49","1305386973","1649429363000","MIT License","kubebox","docs/libs/xterm.js:3039","Code not available","https://github.com/astefanutti/kubebox/blob/bb91d7c5c48e715fff630b775199e85414136766/docs/libs/xterm.js#L3039","No","MIT incompatible with LGPL-3.0"
"c706feb14b946360fb250c123bcebb49_3084233893","c706feb14b946360fb250c123bcebb49","3084233893","1650856246000","Apache License 2.0","arthas","core/src/main/resources/com/taobao/arthas/core/http/xterm.js:2933","Code not available","https://github.com/alibaba/arthas/blob/7e5e320cdfa5b1ee64032570be0eb22e01408176/core/src/main/resources/com/taobao/arthas/core/http/xterm.js#L2933","No","Apache-2.0 incompatible with LGPL-3.0"
"c706feb14b946360fb250c123bcebb49_1992870902","c706feb14b946360fb250c123bcebb49","1992870902","1662503639000","GNU General Public License v3.0","LxdMosaic","src/assets/xterm/xterm.js:3229","Code not available","https://github.com/turtle0x1/LxdMosaic/blob/c6f53f3fcb66d2cf741abff5d0a657b548cdfc18/src/assets/xterm/xterm.js#L3229","No","NaN"
"c706feb14b946360fb250c123bcebb49_355421852","c706feb14b946360fb250c123bcebb49","355421852","1668922130000","GNU General Public License v2.0","OpsManage","static/xterm/xterm.js:2933","Code not available","https://github.com/welliamcao/OpsManage/blob/4e120d88f9a33d2422abdbe7761fde73a369c8ba/static/xterm/xterm.js#L2933","No","Undetermined"
"c706feb14b946360fb250c123bcebb49_1578317806","c706feb14b946360fb250c123bcebb49","1578317806","1683023913000","Other","Nuages","Clients/Nuages_WebCli/lib/xterm.js:3229","Code not available","https://github.com/p3nt4/Nuages/blob/d4ca97c79106e2b52fe7cbb06af807cea516c1b2/Clients/Nuages_WebCli/lib/xterm.js#L3229","No","Undetermined"
"c706feb14b946360fb250c123bcebb49_633176973","c706feb14b946360fb250c123bcebb49","633176973","Error: 403 Client Error: Forbidden for url: https://api.github.com/repos/alibaba/termd/commits?per_page=1&page=1","Error fetching data","NaN","./src/main/resources/io/termd/core/http/xterm.js:2933","Code not available","https://github.com/alibaba/termd/blob/main/src/main/resources/io/termd/core/http/xterm.js#L2933","Yes","Undetermined"
"cc24019092cc1e04ab6ba6cad0b383b7_522772739","cc24019092cc1e04ab6ba6cad0b383b7","522772739","1567384848000","GNU Lesser General Public License v3.0","webterminal","static/plugins/xterm/xterm.js:4545","Code not available","https://github.com/jimmy201602/webterminal/blob/9e9a1813abf44dce94412a8c38931129ad56c4da/static/plugins/xterm/xterm.js#L4545","No","NaN"
"cc24019092cc1e04ab6ba6cad0b383b7_3162370065","cc24019092cc1e04ab6ba6cad0b383b7","3162370065","1570172596000","Apache License 2.0","hadoop","hadoop-yarn-project/hadoop-yarn/hadoop-yarn-server/hadoop-yarn-server-nodemanager/src/main/resources/TERMINAL/xterm/dist/xterm.js:4333","Code not available","https://github.com/apache/hadoop/blob/8a83e16da081434e3e2d52fd545391d6bfb47952/hadoop-yarn-project/hadoop-yarn/hadoop-yarn-server/hadoop-yarn-server-nodemanager/src/main/resources/TERMINAL/xterm/dist/xterm.js#L4333","No","Apache-2.0 incompatible with LGPL-3.0"
"cc24019092cc1e04ab6ba6cad0b383b7_1013753558","cc24019092cc1e04ab6ba6cad0b383b7","1013753558","1579472799000","GNU General Public License v3.0","linuxdeploy","app/src/main/assets/web/js/xterm.js:4246","Code not available","https://github.com/meefik/linuxdeploy/blob/821cbeb08caf4ec5e8562cfc4930addec1300c97/app/src/main/assets/web/js/xterm.js#L4246","No","NaN"
"cc24019092cc1e04ab6ba6cad0b383b7_2416460407","cc24019092cc1e04ab6ba6cad0b383b7","2416460407","1584350789000","Apache License 2.0","webconsole","./static/scripts/libs/termjs/xterm.js:4585","Code not available","https://github.com/shibingli/webconsole/blob/90c7a48dc7b613290e867d491383429088cb5938/./static/scripts/libs/termjs/xterm.js#L4585","No","Apache-2.0 incompatible with LGPL-3.0"
"cc24019092cc1e04ab6ba6cad0b383b7_1305386973","cc24019092cc1e04ab6ba6cad0b383b7","1305386973","1649429363000","MIT License","kubebox","docs/libs/xterm.js:4642","Code not available","https://github.com/astefanutti/kubebox/blob/bb91d7c5c48e715fff630b775199e85414136766/docs/libs/xterm.js#L4642","No","MIT incompatible with LGPL-3.0"
"cc24019092cc1e04ab6ba6cad0b383b7_3084233893","cc24019092cc1e04ab6ba6cad0b383b7","3084233893","1650856246000","Apache License 2.0","arthas","core/src/main/resources/com/taobao/arthas/core/http/xterm.js:4585","Code not available","https://github.com/alibaba/arthas/blob/7e5e320cdfa5b1ee64032570be0eb22e01408176/core/src/main/resources/com/taobao/arthas/core/http/xterm.js#L4585","No","Apache-2.0 incompatible with LGPL-3.0"
"cc24019092cc1e04ab6ba6cad0b383b7_355421852","cc24019092cc1e04ab6ba6cad0b383b7","355421852","1668922130000","GNU General Public License v2.0","OpsManage","static/xterm/xterm.js:4585","Code not available","https://github.com/welliamcao/OpsManage/blob/4e120d88f9a33d2422abdbe7761fde73a369c8ba/static/xterm/xterm.js#L4585","No","Undetermined"
"cc24019092cc1e04ab6ba6cad0b383b7_1582889900","cc24019092cc1e04ab6ba6cad0b383b7","1582889900","1728999529000","NaN","webvirtcloud","./static/js/xterm@3.6.0/xterm.js:4246","Code not available","https://github.com/retspen/webvirtcloud/blob/b892af989b8dd6866eebb27d9a4bc3f244f50fa3/./static/js/xterm@3.6.0/xterm.js#L4246","No","Undetermined"
"cc24019092cc1e04ab6ba6cad0b383b7_633176973","cc24019092cc1e04ab6ba6cad0b383b7","633176973","Error: 403 Client Error: Forbidden for url: https://api.github.com/repos/alibaba/termd/commits?per_page=1&page=1","Error fetching data","NaN","./src/main/resources/io/termd/core/http/xterm.js:4585","Code not available","https://github.com/alibaba/termd/blob/main/src/main/resources/io/termd/core/http/xterm.js#L4585","Yes","Undetermined"
